Time,V1,V2,V3,V4,V5,V6,V7,V8,V9,V10,V11,V12,V13,V14,V15,V16,V17,V18,V19,V20,V21,V22,V23,V24,V25,V26,V27,V28,Amount,Class
91378.0,0.0122416191635697,0.971098148908652,0.328732574270506,-0.589103930557145,0.796420252653089,-0.442789032457025,0.890028626883104,-0.153864328523187,0.846536133443224,-0.656591017138322,1.64772670443918,-1.23633034015132,2.62572828666128,1.52978107375392,-1.87992373094389,0.0654911560899962,-0.048175494541438,-0.0823450645897664,0.0458283109401742,0.0110114616544738,-0.360025843243195,-0.599765229177659,0.0376169909212208,-0.436698568097047,-0.477188118337696,0.104143672929817,0.223825381536331,0.0794686783655964,9.81,0
158708.0,1.7479122314289,-0.662598529323702,-1.01865806880011,0.509570397305628,-0.31736087572778,-0.42442139137943,-0.0563733322579695,-0.0917896505902069,0.538669600288237,0.204723693016591,0.544562700944189,0.851435704236969,-0.106872918971288,0.358943842457218,-0.389137761807139,0.390804060500288,-0.77277696790859,0.246416635864919,0.231292781649701,0.0638668783276781,0.0748957697084069,0.0322070209644416,0.0541160825975132,-0.312508345455626,-0.243234756719513,0.212903933982555,-0.0699395588350722,-0.043634729304406,139.9,0
143713.0,-1.68094174909843,2.1098029164217,-0.0188476272751577,0.729737453889654,-1.07872731734772,1.57878909280513,-1.9187144314472,-7.11493027235352,1.02810582414011,0.154490198955835,-1.50186547729662,0.270402759502239,-1.10691932951941,0.313247904751738,-0.400558814797896,-0.228886599420827,0.360997969411473,0.259986393926111,-0.422293903433897,-1.75678178285174,7.0460514030988,-1.49014239771684,0.500029759621911,-0.179780502200802,1.21987437407624,-0.164502335189447,0.589248839201549,0.266276792479852,94.09,0
47477.0,1.27223803238966,-0.678364248014716,0.861000536392476,-0.542077321835937,-1.43543448057514,-0.767281022535784,-0.709128757686496,-0.149139962745026,-0.67659132443776,0.59950768832351,-0.376716423301435,0.233534664516817,1.08971110000282,-0.246378174271115,1.15349704599836,-0.913236855394991,-0.239961130857983,0.999231440676631,-0.901711126227817,-0.324069441179932,-0.438078688929178,-0.874967760442726,0.155163179806227,0.416164247702958,-0.0861207730695653,0.849240024028799,-0.0345306869953624,0.0309953306497731,54.18,0
71304.0,0.294935583747546,-1.48631336378811,0.662216682388637,1.85089933722167,-0.883862206458261,1.25442656250814,-0.121579380894905,0.352858924864553,0.975059070446874,-0.43035435551565,0.294919361734611,1.55243815963855,-0.273083689342703,-0.46614870939443,-2.32489407121886,-0.799862171068343,0.418844806397675,-0.664079636482545,0.461656153292904,0.6160074726183,-0.146065399082293,-0.880558543829703,-0.316881526442075,-0.2817658649729,0.292488432003472,-0.54887874763352,0.0119135873799903,0.0840927853626993,406.63,0
61646.0,-1.52230450950001,1.50515204317029,0.372364350808073,2.28686855813503,-0.526518744404641,0.998593092488712,-1.0875560400314,-0.027248402908359,-0.533001251290556,0.169572797878818,2.79039639060721,-2.31695189213093,-0.78253178710191,-3.43173796295146,-0.527701760836688,-3.2935576903327,-3.90149898369755,-2.52544048175208,0.79514422023384,0.412800620721233,0.332216175668172,0.493980864616249,-0.0801982925908616,-0.253327337787628,-0.477799682605952,0.991739677999628,-0.952553959120801,-0.39036399798095,19.04,1
153875.0,-0.613695895305449,3.69877241384725,-5.53494116176501,5.62048638535855,1.64926285038792,-2.33514498091385,-0.907188472777421,0.706362095310651,-3.74764612466131,-4.23098383571181,4.43631907416962,-4.50380121641622,-0.954361345864011,-9.86137210765166,-0.505329037399437,0.269281953090911,0.591319064375358,1.79599192045908,-1.08520791024384,0.354772932978025,0.319260753518317,-0.471378905146116,-0.075890410682347,-0.667909264857987,-0.642848415713801,0.0706001067101182,0.488409527815439,0.292344974289491,0.0,1
29753.0,0.269614090485094,3.54975512877325,-5.81035344453706,5.80936957402456,1.53880793351049,-2.26921913566818,-0.824203333436328,0.351069915343584,-3.75905945636624,-4.59238980599474,5.47939151009669,-5.65785754091816,-2.6480760898503,-10.3848897408947,-0.225946407826958,-0.701882908954806,0.409735840500415,0.939603694029483,-1.95429995537505,0.310524633435283,0.371121111209288,-0.322289520392532,-0.549855883222537,-0.520628958812409,1.37821038664663,0.564714292689441,0.553254713878568,0.40240000915925,0.68,1
74159.0,-1.54878809850026,1.80869795041448,-0.953509033832342,2.21308539346999,-2.01572779170327,-0.913456844516923,-2.35601298316433,1.19716896702387,-1.67837405659509,-3.53865023182429,3.1020899271543,-3.99337305447702,-1.93741062327519,-3.82289410599595,0.830970110708369,-2.47535885382925,-5.21187516766885,-0.413871678166879,0.933262164554872,0.390785963777347,0.855138263312025,0.77474482148342,0.0590371520063436,0.343199807900813,-0.468937928609185,-0.278337986906642,0.625922215184372,0.395573378256676,76.94,1
102619.0,-2.48836288474016,4.35901910783724,-7.77640985018266,5.36402677044258,-1.82387723220959,-2.44514013600669,-4.96422092061784,1.48489015991725,-2.94789885841072,-7.17534972178322,7.34365210856032,-10.178995535122,2.14215063066493,-8.98305216762269,-0.473746033414928,-8.14334226244301,-9.78567719982127,-3.08651950539248,3.37971333584943,0.792274684105994,1.32567239039937,1.02122620503862,-0.266476205063069,-0.370880444896658,0.365535186093547,0.081372023747405,0.184983040876449,-0.211582455539506,1.0,1
